First Name,Last name,Age,SALARY,STREET Address1,STREET Address2,STREET Address3,email
Joel,Padilla,10/28/2019,$92.32,"431-6530 Eu, Rd.",364-2264 Augue Rd.,"P.O. Box 864, 3882 Orci Street",eu@nibh.com
Fritz,Tyler,09/27/2019,$83.91,Ap #377-2267 Ac Av.,979-2228 Vel Ave,9865 Eu Av.,est.ac.mattis@malesuadafringilla.net
Wing,Phelps,02/18/2019,$17.15,Ap #545-5786 Pulvinar Ave,Ap #973-5781 Sagittis Avenue,9959 Ut St.,dolor@cubilia.net
Ryan,Ross,05/21/2019,$45.97,634-7858 Id Road,907-8824 Fringilla Ave,318-5271 In Ave,interdum.libero.dui@vitaeerat.com
Drake,Day,01/09/2020,$84.38,"999-8221 Tempor, St.",297-6939 Turpis. Ave,"P.O. Box 638, 6932 Laoreet Rd.",nulla.Integer.vulputate@liberoat.ca
Lucian,Wynn,06/11/2019,$0.54,"P.O. Box 650, 6721 Ut, Av.","P.O. Box 963, 2210 Est St.","1926 Posuere, Rd.",molestie@nuncsitamet.com
Kasper,Villarreal,02/05/2019,$47.69,6449 Ultrices Av.,979-7052 Parturient Rd.,"P.O. Box 395, 3413 Tellus St.",nec.orci@mi.com
Emerson,Pratt,03/01/2020,$13.08,405-6163 Mollis St.,"P.O. Box 963, 1079 Lorem, St.",Ap #460-9797 Velit Road,semper@Proinmi.net
Dustin,Fleming,08/30/2019,$61.60,9205 Maecenas Ave,"P.O. Box 919, 9529 Donec Avenue","P.O. Box 926, 8939 Fusce St.",vulputate.velit.eu@lacusCras.co.uk
Addison,Juarez,07/02/2019,$17.32,322-2727 Lacinia Rd.,"P.O. Box 952, 7768 Sed Road",Ap #644-6787 Pellentesque Rd.,mollis.non@Quisquetinciduntpede.org
Xanthus,Colon,05/29/2019,$39.79,653-2325 Aliquam Rd.,"P.O. Box 239, 1241 Diam Rd.",9441 Duis Ave,Sed.et@tristique.co.uk
Raphael,Leonard,12/01/2018,$81.86,Ap #915-7047 Aliquam Ave,Ap #438-382 Ac Street,7773 Odio. Ave,mollis.dui.in@scelerisque.co.uk
Oliver,Hartman,03/15/2019,$7.36,Ap #840-7597 Risus. Ave,Ap #424-8954 Erat. Avenue,"P.O. Box 859, 934 Eu Road",tellus.Suspendisse@gravida.ca
Demetrius,Hurst,07/08/2020,$42.07,"P.O. Box 595, 3299 Metus St.",4391 Parturient St.,"P.O. Box 401, 8266 Dictum Street",Integer.mollis.Integer@Phasellusvitaemauris.com
Kermit,English,01/23/2019,$92.75,568-6252 Mus. Rd.,"P.O. Box 296, 1566 Cursus. Rd.",3912 At Ave,imperdiet.dictum.magna@lobortisClass.org
Zahir,Travis,11/03/2019,$27.64,500-8214 Gravida. Street,"P.O. Box 873, 7725 Pede, Rd.",Ap #507-2527 Mollis. St.,Quisque@semegestas.net
Jelani,Carroll,11/21/2018,$51.32,817-746 Mattis. St.,"P.O. Box 762, 9695 Nisi. Rd.",2847 Curabitur Road,leo.elementum@nislMaecenasmalesuada.ca
Zachery,Skinner,08/24/2018,$69.21,750-2734 Eu St.,1613 Interdum. Street,5101 Nulla. Av.,nulla.ante.iaculis@pede.co.uk
Jermaine,Osborne,08/07/2019,$14.09,Ap #695-2496 Enim Avenue,Ap #319-5081 Cras Ave,914-3943 Pede Road,Sed.eu.nibh@sapienmolestie.net
Curran,Gay,09/20/2018,$17.96,Ap #334-1963 Gravida Street,Ap #859-6577 Accumsan Rd.,934-3060 Enim. St.,id.erat.Etiam@elitpede.ca
Grady,Schroeder,12/26/2018,$79.33,3832 Morbi Rd.,388-4974 Eleifend St.,5403 Donec Rd.,odio@eleifendCrassed.org
Moses,Barnett,11/26/2018,$30.79,"P.O. Box 337, 2447 Vestibulum, Road",Ap #183-9990 Arcu. Rd.,Ap #328-773 Magna. St.,eleifend.nunc@milaciniamattis.org
Todd,Richmond,06/26/2020,$64.85,9020 Ac Rd.,650-7083 Nec Rd.,"P.O. Box 658, 7970 Ac St.",Duis.a.mi@nonummyFusce.net
Dante,Summers,08/01/2019,$90.14,"651-6550 Felis, Av.","Ap #613-7918 Dui, Rd.","9110 Vestibulum, St.",dui.Fusce@Etiamvestibulummassa.co.uk
Erasmus,Nieves,07/01/2019,$0.22,626 Est. Avenue,892-8304 Pellentesque Rd.,8333 Pharetra. Av.,Fusce.feugiat@ipsumdolor.ca
Reed,Duke,11/25/2019,$30.94,1903 Egestas St.,6642 Fusce Ave,Ap #788-4216 Ipsum Road,Morbi.neque@ultrices.com
Abbot,Love,06/11/2020,$29.24,Ap #660-2020 Tincidunt Av.,"P.O. Box 486, 8215 Cras St.",215-5661 Integer Avenue,sed.tortor.Integer@quisarcuvel.ca
Gary,Lowe,10/12/2018,$59.96,1524 Malesuada Av.,9038 Consectetuer Rd.,Ap #931-7278 Ridiculus Av.,sit@Pellentesque.edu
Eaton,Webster,11/22/2019,$0.41,8240 Vitae Rd.,Ap #804-4838 Vitae St.,334 Lacus. Rd.,a@Integeraliquam.ca
Allen,Odom,08/03/2019,$20.60,942 Duis Road,Ap #266-6330 Conubia Ave,1887 Eget Rd.,Nunc@felis.com
Solomon,Gray,05/05/2020,$94.42,368-8417 Integer Avenue,"P.O. Box 627, 1783 Odio, St.",7777 Egestas Av.,egestas@necmauris.edu
Zephania,Hamilton,06/06/2019,$73.25,"3424 Magna, St.",2775 Enim Av.,500-1222 Ligula. Rd.,lacus.Quisque@lacusCras.ca
Wylie,Vasquez,02/08/2020,$15.15,"9710 Eu, St.",Ap #992-6350 Erat. Rd.,"P.O. Box 416, 7941 Enim Road",sit@cursusa.co.uk
Reese,James,06/02/2019,$42.31,9474 Vitae Avenue,7403 Urna. Road,8494 Morbi Ave,Ut.semper@etarcu.com
Elvis,Smith,12/03/2018,$70.00,"P.O. Box 904, 6663 Ut Rd.",899-8562 Etiam St.,620-1275 Maecenas Ave,Curae.Donec.tincidunt@nulla.ca
Hu,Buckner,06/06/2020,$70.67,Ap #888-5585 Dui. Av.,"P.O. Box 643, 8599 Lobortis Rd.",4443 Mattis Rd.,Donec.nibh@erat.com
Solomon,Willis,05/05/2020,$70.77,4681 Litora Avenue,Ap #922-373 Curabitur St.,Ap #907-5125 Eget St.,senectus.et.netus@laoreetlectusquis.org
Seth,Jacobson,02/11/2019,$38.17,882-9064 Est Road,Ap #938-471 Scelerisque Street,Ap #883-5770 Ac Ave,natoque.penatibus@luctusvulputate.net
Jackson,Hickman,02/21/2019,$3.43,Ap #907-3481 Nunc. Rd.,Ap #692-2366 Sed Av.,995-8006 Neque Av.,consectetuer@estmollis.net
Murphy,Sloan,11/12/2018,$89.42,Ap #188-6469 Dictum. Ave,Ap #763-1429 Diam. Ave,"P.O. Box 786, 4820 Et, Road",Proin@egestas.net
Elton,Delgado,05/11/2020,$88.40,3475 Velit. Ave,8687 Accumsan St.,8781 Feugiat Street,Nunc.pulvinar.arcu@nonmagna.org
Arthur,Pratt,10/20/2018,$99.18,198-9173 Imperdiet Rd.,314-6677 Tempor Av.,Ap #871-3469 Fusce St.,pretium@vitae.edu
Adam,Pickett,05/22/2020,$84.61,"P.O. Box 263, 4023 Blandit Ave","P.O. Box 696, 4081 Orci. Rd.","Ap #285-7032 Non, St.",pharetra.Quisque@ultricesDuisvolutpat.org
Scott,Finch,02/02/2020,$44.31,"Ap #499-9982 Pede, Road",264-3753 Magna. Rd.,"671 Amet, Road",Donec.tempor@amifringilla.com
Lane,Bender,02/05/2020,$84.02,"P.O. Box 232, 1543 Vehicula Avenue",9690 Vitae Road,"466-860 Et, Rd.",natoque@Aliquamadipiscinglobortis.net
Connor,Kane,08/17/2018,$24.86,"P.O. Box 731, 428 Nisl St.","P.O. Box 409, 2528 Neque Rd.","P.O. Box 354, 5471 Posuere St.",dolor@consequat.org
Ian,Conner,10/18/2019,$51.91,Ap #481-6655 Volutpat. Street,Ap #963-8049 Non Avenue,"P.O. Box 107, 5842 Nunc Ave",augue.Sed.molestie@acfermentumvel.co.uk
Aquila,Moody,03/20/2020,$43.61,"P.O. Box 805, 1638 Duis Avenue",6726 Eu St.,"P.O. Box 562, 829 Maecenas Rd.",Donec.feugiat.metus@Nam.com
Bruce,Lee,07/14/2020,$35.82,"9396 Ut, Avenue",Ap #429-401 Convallis Av.,629-426 Euismod Rd.,dictum.eu.placerat@leoCrasvehicula.ca
Hop,Todd,08/07/2019,$9.73,Ap #274-8534 Sapien Road,5577 Nibh St.,Ap #400-7300 At Ave,placerat@nequeet.edu
Caleb,Williamson,08/10/2019,$28.88,Ap #177-2906 Tellus Avenue,434-2958 Non Rd.,"P.O. Box 160, 3717 Dolor, Rd.",Vivamus.euismod.urna@Vestibulum.edu
Martin,Hall,09/10/2018,$67.46,375-5583 Tempor Rd.,"P.O. Box 532, 2478 Erat Rd.","1623 Ultrices, St.",et.nunc.Quisque@arcuCurabiturut.edu
Dillon,Carey,12/10/2018,$41.60,4432 Vitae Avenue,5735 Arcu Ave,179-8280 Sociis Road,non.leo.Vivamus@Praesenteudui.ca
Xander,Battle,12/27/2018,$9.06,"P.O. Box 611, 6063 Molestie Ave",Ap #331-4458 Vulputate St.,"P.O. Box 512, 5869 Ligula. Rd.",facilisis@turpisnon.org
Kermit,Mccarty,01/16/2019,$34.62,8134 Nisi Rd.,Ap #951-8366 Rutrum Rd.,"P.O. Box 948, 9386 Ligula. Rd.",ipsum.dolor@ametmassaQuisque.co.uk
Lucian,Nguyen,10/23/2019,$98.80,"P.O. Box 561, 3550 Commodo Rd.",1188 Cursus Av.,Ap #771-2453 Donec Ave,Donec.sollicitudin@eget.ca
Lucas,Combs,04/20/2020,$85.42,4745 Consectetuer Rd.,Ap #305-3135 Vivamus Ave,1896 Egestas Av.,vel.est@ultricesVivamus.ca
Axel,Bowen,09/18/2019,$87.18,"332-2122 Vulputate, Av.",6831 Sem Road,"P.O. Box 617, 5705 Dictum. St.",ante@tincidunt.ca
Melvin,Bentley,02/10/2019,$8.33,5599 Sed Street,"P.O. Box 227, 9657 Aliquet Rd.",967-1256 Primis Rd.,pellentesque@pede.co.uk
Kuame,Kim,03/04/2020,$47.43,186-2332 Integer St.,"P.O. Box 842, 2600 Parturient Rd.","2291 Eget, Ave",at@diam.co.uk
Fritz,Marquez,12/21/2018,$31.09,"P.O. Box 157, 1866 Viverra. Rd.",Ap #544-3677 Nullam Street,Ap #211-1060 Sit Rd.,per.conubia@egetipsumDonec.com
Berk,Nunez,05/07/2019,$92.82,9834 Vitae Street,Ap #263-2841 Velit Avenue,Ap #466-2012 Ornare Av.,neque@nonummy.com
Curran,Puckett,03/12/2020,$46.88,410-1572 Enim. Street,Ap #342-426 Curae; Street,178-5392 Eu Av.,vestibulum.neque.sed@facilisisvitae.edu
Brent,Fischer,01/03/2019,$16.12,"253-6898 Non, Rd.","P.O. Box 864, 8018 Dictum Rd.",8382 Mauris St.,augue.eu@scelerisqueduiSuspendisse.com
Forrest,Lambert,11/20/2018,$17.48,Ap #460-660 Aliquam Av.,Ap #937-713 Felis. Rd.,8369 Dictum Road,ipsum.cursus@accumsan.org
Felix,Levy,10/02/2019,$86.48,6699 Molestie St.,"P.O. Box 784, 2127 Sit Rd.",Ap #974-8518 Sociosqu Rd.,eget@adipiscingligula.com
Herrod,Kelly,07/27/2018,$37.48,290-9034 Dolor. St.,"P.O. Box 295, 108 Montes, Avenue","P.O. Box 355, 9154 Tristique Avenue",nunc.sit.amet@Suspendisseacmetus.ca
Zahir,Conrad,12/01/2018,$58.59,4368 Arcu. Street,"P.O. Box 852, 3664 Est. Street",222-8313 Metus. Rd.,vel.sapien.imperdiet@enimEtiam.org
Fulton,Gill,09/23/2018,$40.70,"850-996 Odio, St.",Ap #648-9574 Amet Rd.,Ap #710-6211 Donec Rd.,diam.lorem.auctor@velitinaliquet.net
Jamal,Franks,06/21/2019,$70.32,Ap #948-7534 Ante. Rd.,5465 Ad St.,Ap #652-5804 Pede. Av.,ipsum.Donec.sollicitudin@orci.org
Ira,Francis,11/06/2018,$43.03,428-8034 Orci St.,8708 Donec Rd.,415 Neque Rd.,blandit.Nam@Sed.net
Clinton,Emerson,06/18/2019,$45.08,Ap #857-9020 Ipsum. Street,Ap #469-4153 Luctus St.,"P.O. Box 748, 8147 Faucibus. St.",euismod@seddui.org
Thaddeus,Workman,05/10/2019,$6.86,"P.O. Box 925, 1576 Et St.","P.O. Box 682, 3390 Leo. Ave",Ap #962-5025 Ipsum Av.,elit.erat.vitae@maurisipsumporta.com
Marshall,Harris,02/04/2020,$6.35,"P.O. Box 593, 7578 Nunc St.",9197 Rutrum Avenue,155-9329 Bibendum St.,mollis@DonecegestasAliquam.com
Jin,Gould,10/08/2019,$48.66,587-6660 Vel Road,"P.O. Box 213, 7547 Pharetra, St.","P.O. Box 886, 3113 Arcu. Road",a.malesuada.id@Sed.ca
Ulric,Alvarado,09/25/2019,$72.00,217-9576 Libero. Street,678-7906 Iaculis Rd.,376-8891 Neque Avenue,turpis.egestas@ultricesiaculisodio.com
Brennan,Berry,08/03/2019,$60.00,Ap #892-1345 Tellus St.,8733 Ligula St.,Ap #248-2366 Nunc Rd.,Nulla@enimdiamvel.com
Driscoll,Burch,04/10/2020,$42.83,Ap #345-6769 Lacus Avenue,574-6143 Et St.,105-5673 Vehicula Ave,sit@atvelit.ca
Dylan,Figueroa,02/10/2019,$92.13,164-9154 Vitae Street,Ap #215-459 Proin Av.,Ap #914-6812 Tempor Rd.,nascetur.ridiculus.mus@vulputatenisisem.edu
Knox,Luna,10/29/2019,$5.63,2523 In Street,Ap #506-7675 Imperdiet Rd.,Ap #321-3874 Vel Street,magna.Phasellus.dolor@nectempus.org
Dean,Dennis,10/07/2019,$58.39,Ap #961-521 Ipsum Av.,"682-2710 Ac, Street",680-3228 Tristique Av.,eleifend.Cras@loremeumetus.co.uk
Clark,Andrews,06/03/2019,$94.58,5076 Gravida. Rd.,423-3585 Erat Street,6084 Gravida St.,nec@enim.co.uk
Jasper,Wilder,08/23/2019,$65.66,"9586 Lorem, Avenue","P.O. Box 237, 128 Integer Rd.",6702 Libero Av.,non.luctus@malesuadaiderat.ca
Abbot,Riley,03/04/2020,$30.38,284-2591 Non Avenue,5189 Nulla Street,4878 Tempus Road,sollicitudin.orci@liberodui.net
Keith,Meyer,08/28/2018,$44.97,"P.O. Box 835, 3445 At, Avenue",756-3192 Nec Road,312-8233 Vehicula Avenue,aliquet.magna.a@Suspendissecommodo.org
Kasimir,Christensen,09/09/2019,$30.62,"P.O. Box 962, 2647 Purus. Street","P.O. Box 753, 1217 Ut, St.",Ap #661-6774 Commodo Street,ornare@risusodioauctor.edu
Kane,Woods,11/20/2018,$33.01,4968 A Ave,"451-2416 Pede, St.",916-6138 Ultricies Av.,morbi.tristique.senectus@euenimEtiam.co.uk
Honorato,Ruiz,09/27/2019,$29.15,"P.O. Box 838, 2148 Ut Street","P.O. Box 645, 3116 Neque. Road",742-2419 Sem St.,Nunc@natoquepenatibuset.net
Boris,Ramirez,04/11/2019,$11.19,"P.O. Box 468, 5418 Velit Av.",Ap #986-7943 Diam Rd.,Ap #115-7485 Vivamus Rd.,massa.non.ante@dui.edu
Bruce,Church,01/03/2020,$92.55,280-3706 Adipiscing St.,"P.O. Box 396, 8141 Amet, Ave",Ap #544-3906 Sed St.,Nullam@Ut.ca
Darius,Warren,07/18/2019,$59.48,255-1540 Dui. Rd.,"P.O. Box 999, 1286 Dolor. Ave",5712 Pretium Ave,Cum.sociis.natoque@liberoat.com
August,Cleveland,10/24/2019,$98.53,239-187 Venenatis Avenue,710-6545 Diam. St.,"P.O. Box 656, 3450 Dui, Street",faucibus.leo.in@arcu.net
Stuart,Martin,10/25/2019,$25.95,Ap #818-2389 Sed Rd.,"P.O. Box 922, 7474 Purus St.",Ap #907-3803 Sed Road,sem.semper.erat@milaciniamattis.net
Hashim,Andrews,12/31/2018,$56.50,"Ap #961-4075 Vitae, Road",8722 Ornare Rd.,9402 Nec Rd.,libero.nec@SuspendisseduiFusce.org
Adam,Lowery,03/10/2019,$56.22,Ap #103-7642 Vivamus St.,"P.O. Box 146, 7542 Lacus. Rd.",788-6809 Habitant Ave,aliquet@Proinvelarcu.edu
Victor,Hobbs,05/24/2019,$54.56,4034 Vitae St.,"P.O. Box 930, 1683 Eu Rd.","P.O. Box 181, 3360 Mus. Rd.",ipsum@dictumaugue.com
Neil,Bradford,02/07/2020,$74.52,"1434 Aliquet, Street",956-6627 Nunc Av.,Ap #727-6109 Sapien. Av.,sapien.Nunc@euodioPhasellus.net
Noble,Conrad,10/29/2019,$43.99,"Ap #173-7049 Eget, St.",Ap #620-2512 Ut Street,8768 Aenean St.,tellus.Nunc.lectus@ornare.org
Brody,Whitaker,08/09/2018,$96.24,Ap #371-9803 Aliquam Rd.,8892 Euismod Street,Ap #201-659 Libero. Street,non.dapibus.rutrum@eumetus.co.uk
Alden,Mccormick,07/27/2019,$2.66,Ap #375-1139 Risus. Road,7259 Duis Avenue,955-4058 Maecenas St.,ut.erat@aceleifend.com